Datetime,Water Level (m)
2025-05-22 06:00:00,0.99700916
2025-05-22 07:00:00,0.6723262
2025-05-22 08:00:00,0.28615725
2025-05-22 09:00:00,-0.086989194
2025-05-22 10:00:00,-0.4310507
2025-05-22 11:00:00,-0.65314245
2025-05-22 12:00:00,-0.4686078
2025-05-22 13:00:00,0.00452551
2025-05-22 14:00:00,0.5424389
2025-05-22 15:00:00,1.0355837
2025-05-22 16:00:00,1.3651205
2025-05-22 17:00:00,1.4588114
2025-05-22 18:00:00,1.2432425
2025-05-22 19:00:00,0.85282373
2025-05-22 20:00:00,0.4042017
2025-05-22 21:00:00,-0.036074392
2025-05-22 22:00:00,-0.46289217
2025-05-22 23:00:00,-0.82713807
2025-05-23 00:00:00,-0.9898611
2025-05-23 01:00:00,-0.54140687
2025-05-23 02:00:00,0.09636829
2025-05-23 03:00:00,0.7285379
2025-05-23 04:00:00,1.2514589
2025-05-23 05:00:00,1.5885698
2025-05-23 06:00:00,1.6165868
2025-05-23 07:00:00,1.3383416
2025-05-23 08:00:00,0.9137842
2025-05-23 09:00:00,0.4487651
2025-05-23 10:00:00,-0.0044067176
2025-05-23 11:00:00,-0.42872488
2025-05-23 12:00:00,-0.75657576
2025-05-23 13:00:00,-0.7017802
2025-05-23 14:00:00,-0.14739324
2025-05-23 15:00:00,0.49281964
2025-05-23 16:00:00,1.055541
2025-05-23 17:00:00,1.4577934
2025-05-23 18:00:00,1.5992355
2025-05-23 19:00:00,1.3696817
2025-05-23 20:00:00,0.9515681
2025-05-23 21:00:00,0.47811717
2025-05-23 22:00:00,0.0057934634
2025-05-23 23:00:00,-0.44763613
2025-05-24 00:00:00,-0.8414976
2025-05-24 01:00:00,-1.0221227
2025-05-24 02:00:00,-0.48845264
2025-05-24 03:00:00,0.2230625
2025-05-24 04:00:00,0.9048305
2025-05-24 05:00:00,1.4614385
2025-05-24 06:00:00,1.8082291
2025-05-24 07:00:00,1.8011924
2025-05-24 08:00:00,1.4741026
2025-05-24 09:00:00,1.0088791
2025-05-24 10:00:00,0.5131817
2025-05-24 11:00:00,0.027112696
2025-05-24 12:00:00,-0.42487296
2025-05-24 13:00:00,-0.788244
2025-05-24 14:00:00,-0.7247671
2025-05-24 15:00:00,-0.115730345
2025-05-24 16:00:00,0.5668809
2025-05-24 17:00:00,1.1497781
2025-05-24 18:00:00,1.5494969
2025-05-24 19:00:00,1.6581146
2025-05-24 20:00:00,1.376086
2025-05-24 21:00:00,0.9324835
2025-05-24 22:00:00,0.44193894
2025-05-24 23:00:00,-0.043091707
2025-05-25 00:00:00,-0.5108993
2025-05-25 01:00:00,-0.90928435
2025-05-25 02:00:00,-0.9808305
2025-05-25 03:00:00,-0.3066112
2025-05-25 04:00:00,0.4396119
2025-05-25 05:00:00,1.1403879
2025-05-25 06:00:00,1.702152
2025-05-25 07:00:00,2.0126646
2025-05-25 08:00:00,1.9455475
2025-05-25 09:00:00,1.5547179
2025-05-25 10:00:00,1.059308
2025-05-25 11:00:00,0.5373989
2025-05-25 12:00:00,0.029501624
2025-05-25 13:00:00,-0.43869025
2025-05-25 14:00:00,-0.80723083
2025-05-25 15:00:00,-0.6221348
2025-05-25 16:00:00,0.025528396
2025-05-25 17:00:00,0.7186748
2025-05-25 18:00:00,1.2867882
2025-05-25 19:00:00,1.6564006
2025-05-25 20:00:00,1.697962
2025-05-25 21:00:00,1.3566403
2025-05-25 22:00:00,0.8948112
2025-05-25 23:00:00,0.3915743
2025-05-26 00:00:00,-0.09969338
2025-05-26 01:00:00,-0.5771953
2025-05-26 02:00:00,-0.96996087
2025-05-26 03:00:00,-0.86041194
2025-05-26 04:00:00,-0.13033554
2025-05-26 05:00:00,0.681889
2025-05-26 06:00:00,1.3923743
2025-05-26 07:00:00,1.9316616
2025-05-26 08:00:00,2.179483
2025-05-26 09:00:00,2.0006304
2025-05-26 10:00:00,1.5540882
2025-05-26 11:00:00,1.0331697
2025-05-26 12:00:00,0.49426553
2025-05-26 13:00:00,-0.023694383
2025-05-26 14:00:00,-0.50327045
2025-05-26 15:00:00,-0.8632025
2025-05-26 16:00:00,-0.5674427
2025-05-26 17:00:00,0.114866875
2025-05-26 18:00:00,0.81291157
2025-05-26 19:00:00,1.3636844
2025-05-26 20:00:00,1.6858191
2025-05-26 21:00:00,1.6446011
2025-05-26 22:00:00,1.2526085
2025-05-26 23:00:00,0.7796551
2025-05-27 00:00:00,0.27067214
2025-05-27 01:00:00,-0.21907699
2025-05-27 02:00:00,-0.67498815
2025-05-27 03:00:00,-1.0383375
2025-05-27 04:00:00,-0.66067964
2025-05-27 05:00:00,0.093524344
2025-05-27 06:00:00,0.92405295
2025-05-27 07:00:00,1.6392165
2025-05-27 08:00:00,2.1414638
2025-05-27 09:00:00,2.3021693
2025-05-27 10:00:00,2.0324214
2025-05-27 11:00:00,1.5473264
2025-05-27 12:00:00,1.013079
2025-05-27 13:00:00,0.46633548
2025-05-27 14:00:00,-0.051554922
2025-05-27 15:00:00,-0.5214457
2025-05-27 16:00:00,-0.78823155
2025-05-27 17:00:00,-0.2630922
2025-05-27 18:00:00,0.45865187
2025-05-27 19:00:00,1.1289934
2025-05-27 20:00:00,1.6456636
2025-05-27 21:00:00,1.9080902
2025-05-27 22:00:00,1.7676746
2025-05-27 23:00:00,1.3406675
2025-05-28 00:00:00,0.84390396
2025-05-28 01:00:00,0.32368308
2025-05-28 02:00:00,-0.16975558
2025-05-28 03:00:00,-0.6266639
2025-05-28 04:00:00,-0.88288355
2025-05-28 05:00:00,-0.30099654
2025-05-28 06:00:00,0.49662456
